id,name,model_id,group_id/id,operation,domain
access_syncoria_can_payroll_statement_remuneration_manger,syncoria_can_payroll.statement_remuneration,statement.remuneration,hr_payroll.group_hr_payroll_manager,crud,
access_statement_remuneration_wizard,access_statement_remuneration_wizard,statement.remuneration.wizard,hr_payroll.group_hr_payroll_manager,crud,
access_roe_earning_wizard,access_roe_earning_wizard,roe.earning.wizard,hr_payroll.group_hr_payroll_manager,crud,
access_remittance_summary_wizard,access_remittance_summary_wizard,remittance.summary.wizard,hr_payroll.group_hr_payroll_manager,crud,
access_receiver_general_wizard,access_receiver_general_wizard,receiver.general.wizard,hr_payroll.group_hr_payroll_manager,crud,
access_hr_payslip_employees_line,access_hr_payslip_employees_line,hr.payslip.employees.line,base.group_user,crud,
access_tax_slab,access_tax_slab,tax.slab,hr_payroll.group_hr_payroll_manager,crud,
access_fed_tax,access_fed_tax,fed.tax,hr_payroll.group_hr_payroll_manager,crud,
access_prov_tax,access_prov_tax,prov.tax,hr_payroll.group_hr_payroll_manager,crud,
access_employee_net_pay_wizard,access_employee_net_pay_wizard,employee.net.pay.wizard,hr_payroll.group_hr_payroll_manager,crud,
access_payroll_earning_wizard,access_payroll_earning_wizard,payroll.earning.wizard,hr_payroll.group_hr_payroll_manager,crud,
access_paycycle_config,access_paycycle_config,paycycle.config,hr_payroll.group_hr_payroll_manager,crud,
access_paycycle_period,access_paycycle_period,paycycle.period,hr_payroll.group_hr_payroll_manager,crud,
access_hr_payslip_employee_manual_wizard,access_hr_payslip_employee_manual_wizard,hr.payslip.employee.manual.wizard,hr_payroll.group_hr_payroll_manager,crud,
access_hr_employee_manual_input_line,access_hr_employee_manual_input_line,hr.employee.manual.input.line,hr_payroll.group_hr_payroll_manager,crud,
access_t4_messeage_wizard,access_t4_messeage_wizard,t4.messeage.wizard,hr_payroll.group_hr_payroll_manager,crud,
access_payslip_email_wizard,access_payslip_email_wizard,payslip.email.wizard,hr_payroll.group_hr_payroll_manager,crud,
access_hr_employee_ytd_payroll_information,access_payslip_hr_employee_ytd_payroll_information,hr.employee.ytd.payroll.information,hr_payroll.group_hr_payroll_manager,crud,
access_payroll_update_wizard,access_payslip_payroll_update_wizard,payroll.update.wizard,hr_payroll.group_hr_payroll_manager,crud,
access_hr_payslip_create_draft_wizard,access_hr_payslip_create_draft_wizard,hr.payslip.create.draft.wizard,hr_payroll.group_hr_payroll_manager,crud,
access_paycycle_period_year_slab,access_paycycle_period_year_slab,paycycle.period.year.slab,hr_payroll.group_hr_payroll_manager,crud,
access_paycycle_config_update_wizard,access_paycycle_config_update_wizard,paycycle.config.update.wizard,hr_payroll.group_hr_payroll_manager,crud,
access_eht_report_wizard,access_eht_report_wizard,eht.report.wizard,hr_payroll.group_hr_payroll_manager,crud,
access_ytd_payroll_earning_wizard,access_ytd_payroll_earning_wizard,ytd.payroll.earning.wizard,hr_payroll.group_hr_payroll_manager,crud,
access_hr_payslip_ytd_opening,access_hr_payslip_ytd_opening,hr.payslip.ytd.opening,base.group_user,crud,
access_hr_payslip_ytd_opening_line,access_hr_payslip_ytd_opening_line,hr.payslip.ytd.opening.line,base.group_user,crud,
access_wsib_wizard,access_wsib_wizard,wsib.wizard,base.group_user,crud,
access_t4_box_selection_user,t4_box_selection_user,syncoria_can_payroll.t4_box_selection,base.group_user,r,
access_t4_box_selection_payroll_manager,t4_box_selection_payroll_manager,syncoria_can_payroll.t4_box_selection,hr_payroll.group_hr_payroll_manager,crud,
